<?xml version='1.0' encoding='UTF-8'?>
<?artifactRepository version='1.1.0'?>
<repository name='file:/G:/workspace/Anypointworkspace/pokemon-info-connector/target/update-site/ - artifacts' type='org.eclipse.equinox.p2.artifact.repository.simpleRepository' version='1'>
  <properties size='2'>
    <property name='p2.timestamp' value='1504464032847'/>
    <property name='p2.compressed' value='false'/>
  </properties>
  <mappings size='3'>
    <rule filter='(&amp; (classifier=osgi.bundle))' output='${repoUrl}/plugins/${id}_${version}.jar'/>
    <rule filter='(&amp; (classifier=binary))' output='${repoUrl}/binary/${id}_${version}'/>
    <rule filter='(&amp; (classifier=org.eclipse.update.feature))' output='${repoUrl}/features/${id}_${version}.jar'/>
  </mappings>
  <artifacts size='2'>
    <artifact classifier='org.eclipse.update.feature' id='org.mule.tooling.ui.extension.pokemon-info-connector.3.5.0' version='1.0.0.201709031440'>
      <properties size='4'>
        <property name='artifact.size' value='652'/>
        <property name='download.size' value='652'/>
        <property name='download.md5' value='2aea848ede5bf576d1b09e20d668a699'/>
        <property name='download.contentType' value='application/zip'/>
      </properties>
    </artifact>
    <artifact classifier='osgi.bundle' id='org.mule.tooling.ui.contribution.pokemon-info.3.5.0' version='1.0.0.201709031440'>
      <properties size='3'>
        <property name='artifact.size' value='355811'/>
        <property name='download.size' value='355811'/>
        <property name='download.md5' value='5d415be22d9b9126466f1e1b21b3a789'/>
      </properties>
    </artifact>
  </artifacts>
</repository>
